{
    "train_metrics": {
        "mse": 0.00044028921497809166,
        "r2": 0.9980614540717397
    },
    "test_metrics": {
        "mse": 0.0004674106841056577,
        "r2": 0.9980441021692409
    }
}