{
    "train_metrics": {
        "mse": 29.153411453557784,
        "r2": 0.8772371637163193
    },
    "test_metrics": {
        "mse": 25.600604342463566,
        "r2": 0.8710329333435418
    }
}